quant_type,indtype,token,inter_dim,model_dim,expert,topk,q_size_n,q_size_k,sol_type,sol_id,time_us
no_quant,torch.float16,1,256,8192,256,4,0,0,ck,576,309.8021428571405
no_quant,torch.float16,8,256,8192,256,4,0,0,ck,576,364.40785714285965
no_quant,torch.float16,16,256,8192,256,4,0,0,ck,576,705.001571428565
no_quant,torch.float16,24,256,8192,256,4,0,0,ck,272,1028.2664285714334
no_quant,torch.float16,32,256,8192,256,4,0,0,ck,576,1293.2290000000055
no_quant,torch.float16,48,256,8192,256,4,0,0,ck,272,1877.2707142857207
no_quant,torch.float16,64,256,8192,256,4,0,0,ck,576,2193.247142857142
no_quant,torch.float16,96,256,8192,256,4,0,0,ck,272,2471.966714285715
no_quant,torch.float16,128,256,8192,256,4,0,0,ck,576,2724.7889999999948
no_quant,torch.float16,256,256,8192,256,4,0,0,ck,576,3391.9192857142875
no_quant,torch.float16,512,256,8192,256,4,0,0,ck,576,3537.358999999999
no_quant,torch.float16,1024,256,8192,256,4,0,0,ck,272,5022.04200000001
no_quant,torch.float16,2048,256,8192,256,4,0,0,ck,272,6217.148285714277
no_quant,torch.float16,4096,256,8192,256,4,0,0,ck,272,8764.503571428571
no_quant,torch.float16,8192,256,8192,256,4,0,0,ck,272,16520.489142857128
no_quant,torch.float16,1,256,7168,256,8,0,0,ck,576,274.4422857142844
no_quant,torch.float16,8,256,7168,256,8,0,0,ck,576,584.9560000000014
no_quant,torch.float16,16,256,7168,256,8,0,0,ck,576,1056.360857142859
no_quant,torch.float16,24,256,7168,256,8,0,0,ck,576,1480.196999999999
no_quant,torch.float16,32,256,7168,256,8,0,0,ck,576,1867.970714285712
no_quant,torch.float16,48,256,7168,256,8,0,0,ck,576,2312.378428571425
no_quant,torch.float16,64,256,7168,256,8,0,0,ck,576,2382.001142857145
no_quant,torch.float16,96,256,7168,256,8,0,0,ck,576,2795.691714285705
no_quant,torch.float16,128,256,7168,256,8,0,0,ck,576,2820.2631428571426
no_quant,torch.float16,256,256,7168,256,8,0,0,ck,576,3055.348428571423
no_quant,torch.float16,512,256,7168,256,8,0,0,ck,272,4095.392285714287
no_quant,torch.float16,1024,256,7168,256,8,0,0,ck,272,5514.589714285707
no_quant,torch.float16,2048,256,7168,256,8,0,0,ck,272,7718.288428571438
no_quant,torch.float16,4096,256,7168,256,8,0,0,ck,272,14435.327142857148
no_quant,torch.float16,8192,256,7168,256,8,0,0,ck,272,27850.411142857163
