M,N,K,bias,dtype,outdtype,scaleAB,libtype,solidx,soltimes,kernelName,arch
128,1280,8192,False,torch.float16,torch.float16,False,rocblas,5932,37.12,,gfx936
128,1024,8192,False,torch.float16,torch.float16,False,rocblas,7208,35.36,,gfx936
128,1280,8192,False,torch.bfloat16,torch.bfloat16,False,rocblas,19610,36.96,,gfx936
128,1024,8192,False,torch.bfloat16,torch.bfloat16,False,rocblas,20952,35.04,,gfx936
1,19392,8192,False,torch.bfloat16,torch.bfloat16,False,rocblas,20849,240.64,,gfx936
4096,1280,8192,False,torch.int8,torch.int32,False,torch,0,123.84,,gfx936
128,1280,8192,False,torch.int8,torch.int32,False,torch,0,30.88,,gfx936
128,1024,8192,False,torch.int8,torch.int32,False,torch,0,30.4,,gfx936
128,128,8192,False,torch.int8,torch.int32,False,torch,0,23.04,,gfx936
4096,8192,1024,False,torch.int8,torch.int32,False,torch,0,248.96,,gfx936
128,8192,1024,False,torch.int8,torch.int32,False,torch,0,19.84,,gfx936
128,32,8192,False,torch.int8,torch.int32,False,torch,0,21.28,,gfx936
4096,32,8192,False,torch.int8,torch.int32,False,torch,0,40.0,,gfx936
1,19392,8192,False,torch.int8,torch.int32,False,hipblaslt,1621,306.08,Cijk_Alik_Bljk_I8II_BH_AI_SAV_MT32x16x64_MI16x16x1_SN_LDSB0_AFC1_DTL0_EPS1_GRVWA16_GRVWB16_GSU1_GSUAMB_IU1_K1_LRVW8_MIWT2_1_PGR1_PLR1_SIA1_SU0_SUS0_TLDS0_ULDSWM0_USFGRO0_USSB0_WSS0_WG16_4_1_WGM1,gfx936
128,19392,8192,False,torch.int8,torch.int32,False,torch,0,181.6,,gfx936
4096,1280,8192,False,torch.float8_e4m3fn,torch.bfloat16,False,hipblaslt,1138,1535.66,Cijk_Alik_Bljk_F8BS_BH_BiasS_AS_SAV_MT128x128x64_MI16x16x1_SN_LDSB0_AFC1_DTL0_EPS1_GRVWA16_GRVWB16_GSU1_GSUAMB_IU1_K1_LRVW8_MIWT4_4_PGR1_PLR1_SIA1_SU0_SUS0_TLDS0_ULDSWM0_USFGRO0_USSB0_WG32_8_1_WGM1,gfx938
128,1280,8192,False,torch.float8_e4m3fn,torch.bfloat16,False,hipblaslt,1118,174.96,Cijk_Alik_Bljk_F8BS_BH_BiasS_AS_SAV_MT32x32x64_MI16x16x1_SN_LDSB0_AFC1_DTL0_EPS1_GRVWA16_GRVWB16_GSU1_GSUAMB_IU1_K1_LRVW8_MIWT2_2_PGR1_PLR1_SIA1_SU0_SUS0_TLDS0_ULDSWM0_USFGRO0_USSB0_WG16_4_1_WGM1,gfx938
128,1024,8192,False,torch.float8_e4m3fn,torch.bfloat16,False,hipblaslt,1127,145.54,Cijk_Alik_Bljk_F8BS_BH_BiasS_AS_SAV_MT32x32x64_MI16x16x1_SN_LDSB0_AFC1_DTL0_EPS1_GRVWA16_GRVWB16_GSU1_GSUAMB_IU1_K1_LRVW8_MIWT1_2_PGR1_PLR1_SIA1_SU0_SUS0_TLDS0_ULDSWM0_USFGRO0_USSB0_WG32_4_1_WGM15,gfx938
128,128,8192,False,torch.float8_e4m3fn,torch.bfloat16,False,hipblaslt,1113,81.85,Cijk_Alik_Bljk_F8BS_BH_BiasS_AS_SAV_MT16x16x64_MI16x16x1_SN_LDSB0_AFC1_DTL0_EPS1_GRVWA16_GRVWB16_GSU1_GSUAMB_IU1_K1_LRVW8_MIWT1_1_PGR1_PLR1_SIA1_SU0_SUS0_TLDS0_ULDSWM0_USFGRO0_USSB0_WG16_4_1_WGM15,gfx938
4096,8192,1024,False,torch.float8_e4m3fn,torch.bfloat16,False,hipblaslt,1139,1116.92,Cijk_Alik_Bljk_F8BS_BH_BiasS_AS_SAV_MT128x128x64_MI16x16x1_SN_LDSB0_AFC1_DTL0_EPS1_GRVWA16_GRVWB16_GSU1_GSUAMB_IU1_K1_LRVW8_MIWT4_4_PGR1_PLR1_SIA1_SU0_SUS0_TLDS0_ULDSWM0_USFGRO0_USSB0_WG32_8_1_WGM15,gfx938
128,8192,1024,False,torch.float8_e4m3fn,torch.bfloat16,False,hipblaslt,1139,56.06,Cijk_Alik_Bljk_F8BS_BH_BiasS_AS_SAV_MT128x128x64_MI16x16x1_SN_LDSB0_AFC1_DTL0_EPS1_GRVWA16_GRVWB16_GSU1_GSUAMB_IU1_K1_LRVW8_MIWT4_4_PGR1_PLR1_SIA1_SU0_SUS0_TLDS0_ULDSWM0_USFGRO0_USSB0_WG32_8_1_WGM15,gfx938
128,32,8192,False,torch.float8_e4m3fn,torch.bfloat16,False,hipblaslt,1113,81.86,Cijk_Alik_Bljk_F8BS_BH_BiasS_AS_SAV_MT16x16x64_MI16x16x1_SN_LDSB0_AFC1_DTL0_EPS1_GRVWA16_GRVWB16_GSU1_GSUAMB_IU1_K1_LRVW8_MIWT1_1_PGR1_PLR1_SIA1_SU0_SUS0_TLDS0_ULDSWM0_USFGRO0_USSB0_WG16_4_1_WGM15,gfx938
4096,32,8192,False,torch.float8_e4m3fn,torch.bfloat16,False,hipblaslt,1126,155.85,Cijk_Alik_Bljk_F8BS_BH_BiasS_AS_SAV_MT32x32x64_MI16x16x1_SN_LDSB0_AFC1_DTL0_EPS1_GRVWA16_GRVWB16_GSU1_GSUAMB_IU1_K1_LRVW8_MIWT1_2_PGR1_PLR1_SIA1_SU0_SUS0_TLDS0_ULDSWM0_USFGRO0_USSB0_WG32_4_1_WGM1,gfx938
1,19392,8192,False,torch.float8_e4m3fn,torch.bfloat16,False,hipblaslt,1116,436.72,Cijk_Alik_Bljk_F8BS_BH_BiasS_AS_SAV_MT32x16x64_MI16x16x1_SN_LDSB0_AFC1_DTL0_EPS1_GRVWA16_GRVWB16_GSU1_GSUAMB_IU1_K1_LRVW8_MIWT2_1_PGR1_PLR1_SIA1_SU0_SUS0_TLDS0_ULDSWM0_USFGRO0_USSB0_WG16_4_1_WGM1,gfx938
128,19392,8192,False,torch.float8_e4m3fn,torch.bfloat16,False,hipblaslt,1139,930.26,Cijk_Alik_Bljk_F8BS_BH_BiasS_AS_SAV_MT128x128x64_MI16x16x1_SN_LDSB0_AFC1_DTL0_EPS1_GRVWA16_GRVWB16_GSU1_GSUAMB_IU1_K1_LRVW8_MIWT4_4_PGR1_PLR1_SIA1_SU0_SUS0_TLDS0_ULDSWM0_USFGRO0_USSB0_WG32_8_1_WGM15,gfx938
