arch,quant_type,indtype,token,inter_dim,model_dim,expert,topk,q_size_n,q_size_k,sol_type,sol_id,time_us
gfx936,int4_w4a8,torch.float16,1,256,7168,256,8,0,0,asm,10001+20100,121.2912857142849
gfx936,int4_w4a8,torch.float16,2,256,7168,256,8,0,0,asm,10001+20000,137.86271428571425
gfx936,int4_w4a8,torch.float16,4,256,7168,256,8,0,0,asm,10002+20101,181.22271428571534
gfx936,int4_w4a8,torch.float16,6,256,7168,256,8,0,0,asm,10001+20100,243.78257142857066
gfx936,int4_w4a8,torch.float16,8,256,7168,256,8,0,0,asm,10001+20101,270.7997142857147
gfx936,int4_w4a8,torch.float16,10,256,7168,256,8,0,0,asm,10001+20101,305.10828571428607
gfx936,int4_w4a8,torch.float16,12,256,7168,256,8,0,0,asm,10002+20101,376.28528571428666
gfx936,int4_w4a8,torch.float16,14,256,7168,256,8,0,0,asm,10001+20101,385.5881428571429
gfx936,int4_w4a8,torch.float16,16,256,7168,256,8,0,0,asm,10002+20101,415.09671428571426
gfx936,int4_w4a8,torch.float16,20,256,7168,256,8,0,0,asm,10001+20101,496.4679999999984
gfx936,int4_w4a8,torch.float16,24,256,7168,256,8,0,0,asm,10001+20101,504.7651428571422
gfx936,int4_w4a8,torch.float16,28,256,7168,256,8,0,0,asm,10001+20101,546.5937142857139
gfx936,int4_w4a8,torch.float16,32,256,7168,256,8,0,0,asm,10001+20101,552.2165714285693
gfx936,int4_w4a8,torch.float16,36,256,7168,256,8,0,0,asm,10001+20101,629.9535714285719
gfx936,int4_w4a8,torch.float16,40,256,7168,256,8,0,0,asm,10002+20101,665.0164285714278
gfx936,int4_w4a8,torch.float16,44,256,7168,256,8,0,0,asm,10001+20101,673.3135714285709
gfx936,int4_w4a8,torch.float16,48,256,7168,256,8,0,0,asm,10001+20101,732.5589999999995
gfx936,int4_w4a8,torch.float16,56,256,7168,256,8,0,0,asm,10001+20101,769.8848571428576
gfx936,int4_w4a8,torch.float16,64,256,7168,256,8,0,0,asm,10001+20101,783.5077142857135
gfx936,int4_w4a8,torch.float16,72,256,7168,256,8,0,0,asm,10002+20101,816.6962857142868
gfx936,int4_w4a8,torch.float16,80,256,7168,256,8,0,0,asm,10001+20101,812.2162857142861
gfx936,int4_w4a8,torch.float16,96,256,7168,256,8,0,0,asm,10001+20101,834.7534285714281
gfx936,int4_w4a8,torch.float16,112,256,7168,256,8,0,0,asm,10001+20101,888.2618571428568
gfx936,int4_w4a8,torch.float16,128,256,7168,256,8,0,0,asm,10001+20101,894.7989999999998
gfx936,int4_w4a8,torch.float16,160,256,7168,256,8,0,0,asm,10002+20101,916.1018571428574
gfx936,int4_w4a8,torch.float16,192,256,7168,256,8,0,0,asm,10002+20101,937.0160000000004
gfx936,int4_w4a8,torch.float16,224,256,7168,256,8,0,0,asm,10002+20101,980.3990000000005
gfx936,int4_w4a8,torch.float16,256,256,7168,256,8,0,0,asm,10002+20101,989.221714285714
gfx936,int4_w4a8,torch.float16,320,256,7168,256,8,0,0,asm,10002+20101,1032.2160000000001
gfx936,int4_w4a8,torch.float16,384,256,7168,256,8,0,0,asm,10002+20101,1075.0731428571432
gfx936,int4_w4a8,torch.float16,448,256,7168,256,8,0,0,asm,10002+20101,1112.9245714285714
gfx936,int4_w4a8,torch.float16,512,256,7168,256,8,0,0,asm,11001+21101,1172.170142857143
gfx936,int4_w4a8,torch.float16,576,256,7168,256,8,0,0,asm,11001+21101,1200.741428571429
gfx936,int4_w4a8,torch.float16,640,256,7168,256,8,0,0,asm,11001+21101,1236.4672857142875
gfx936,int4_w4a8,torch.float16,704,256,7168,256,8,0,0,asm,11001+21101,1269.9985714285708
gfx936,int4_w4a8,torch.float16,768,256,7168,256,8,0,0,asm,11001+21101,1321.54142857143
gfx936,int4_w4a8,torch.float16,832,256,7168,256,8,0,0,asm,11001+21101,1423.6670000000001
gfx936,int4_w4a8,torch.float16,896,256,7168,256,8,0,0,asm,11001+21101,1467.1412857142861
gfx936,int4_w4a8,torch.float16,960,256,7168,256,8,0,0,asm,11001+21101,1529.1754285714298
gfx936,int4_w4a8,torch.float16,1024,256,7168,256,8,0,0,asm,11001+21101,1651.9409999999991
gfx936,int4_w4a8,torch.float16,1152,256,7168,256,8,0,0,asm,12000+22101,1841.1522857142859
gfx936,int4_w4a8,torch.float16,1280,256,7168,256,8,0,0,asm,12000+22101,1928.740714285715
gfx936,int4_w4a8,torch.float16,1408,256,7168,256,8,0,0,asm,12000+22101,2031.506428571427
gfx936,int4_w4a8,torch.float16,1536,256,7168,256,8,0,0,asm,12000+22100,2093.7921428571417
gfx936,int4_w4a8,torch.float16,1664,256,7168,256,8,0,0,asm,12000+22100,2159.643428571429
gfx936,int4_w4a8,torch.float16,1792,256,7168,256,8,0,0,asm,12000+22100,2340.2147142857125
gfx936,int4_w4a8,torch.float16,1920,256,7168,256,8,0,0,asm,12000+22101,2536.511571428572
gfx936,int4_w4a8,torch.float16,2048,256,7168,256,8,0,0,asm,12000+22101,2711.5742857142855
gfx936,int4_w4a8,torch.float16,2304,256,7168,256,8,0,0,asm,12000+22101,3163.2538571428563
gfx936,int4_w4a8,torch.float16,2560,256,7168,256,8,0,0,asm,11001+21101,3370.6592857142864
gfx936,int4_w4a8,torch.float16,2816,256,7168,256,8,0,0,asm,12000+22101,3553.2875714285706
gfx936,int4_w4a8,torch.float16,3072,256,7168,256,8,0,0,asm,12000+22101,3640.8532857142886
gfx936,int4_w4a8,torch.float16,3328,256,7168,256,8,0,0,asm,12000+22101,3754.5674285714254
gfx936,int4_w4a8,torch.float16,3584,256,7168,256,8,0,0,asm,12000+22101,4066.704285714291
gfx936,int4_w4a8,torch.float16,3840,256,7168,256,8,0,0,asm,12000+22101,4285.606857142853
gfx936,int4_w4a8,torch.float16,4096,256,7168,256,8,0,0,asm,12000+22101,4511.504
gfx936,int4_w4a8,torch.float16,4608,256,7168,256,8,0,0,asm,12000+22101,5246.771714285715
gfx936,int4_w4a8,torch.float16,5120,256,7168,256,8,0,0,asm,12000+22101,5601.42285714286
gfx936,int4_w4a8,torch.float16,5632,256,7168,256,8,0,0,asm,12000+22101,5841.239571428574
gfx936,int4_w4a8,torch.float16,6144,256,7168,256,8,0,0,asm,12000+22101,6483.31914285714
gfx936,int4_w4a8,torch.float16,6656,256,7168,256,8,0,0,asm,12000+22101,7094.564285714291
gfx936,int4_w4a8,torch.float16,7168,256,7168,256,8,0,0,asm,12000+22101,7407.546857142855
gfx936,int4_w4a8,torch.float16,7680,256,7168,256,8,0,0,asm,12000+22101,7759.112571428579
gfx936,int4_w4a8,torch.float16,8192,256,7168,256,8,0,0,asm,12000+22101,8344.666142857135
gfx936,int4_w4a8,torch.float16,10240,256,7168,256,8,0,0,asm,12000+22101,10278.127285714294
gfx936,int4_w4a8,torch.float16,12288,256,7168,256,8,0,0,asm,12000+22101,12087.954142857148
gfx936,int4_w4a8,torch.float16,14336,256,7168,256,8,0,0,asm,12000+22101,13912.912571428593
gfx936,int4_w4a8,torch.float16,16384,256,7168,256,8,0,0,asm,12000+22101,15923.08257142857
gfx936,int4_w4a8,torch.float16,17408,256,7168,256,8,0,0,asm,13000+23101,17620.064000000006
gfx936,int4_w4a8,torch.float16,24576,256,7168,256,8,0,0,asm,13000+23101,22840.699571428548
gfx936,int4_w4a8,torch.float16,32768,256,7168,256,8,0,0,asm,13000+23101,29839.300142857148
gfx936,int4_w4a8,torch.float16,1,128,7168,256,8,0,0,asm,10001+20000,118.84557142857135
gfx936,int4_w4a8,torch.float16,8,128,7168,256,8,0,0,asm,10002+20000,210.50271428571457
gfx936,int4_w4a8,torch.float16,32,128,7168,256,8,0,0,asm,10002+20000,410.98257142857136
gfx936,int4_w4a8,torch.float16,48,128,7168,256,8,0,0,asm,10001+20000,486.6395714285716
gfx936,int4_w4a8,torch.float16,64,128,7168,256,8,0,0,asm,10001+20000,507.0281428571426
gfx936,int4_w4a8,torch.float16,80,128,7168,256,8,0,0,asm,10001+20000,530.9595714285716
gfx936,int4_w4a8,torch.float16,96,128,7168,256,8,0,0,asm,10002+20000,564.7651428571434
gfx936,int4_w4a8,torch.float16,128,128,7168,256,8,0,0,asm,10002+20000,588.8794285714288
gfx936,int4_w4a8,torch.float16,256,128,7168,256,8,0,0,asm,10002+20000,651.4622857142858
gfx936,int4_w4a8,torch.float16,512,128,7168,256,8,0,0,asm,11001+21000,816.7192857142861
gfx936,int4_w4a8,torch.float16,768,128,7168,256,8,0,0,asm,11001+21000,905.7248571428562
gfx936,int4_w4a8,torch.float16,1024,128,7168,256,8,0,0,asm,11001+21000,1194.478857142858
gfx936,int4_w4a8,torch.float16,2048,128,7168,256,8,0,0,asm,11001+21000,2014.7065714285711
gfx936,int4_w4a8,torch.float16,3072,128,7168,256,8,0,0,asm,13000+23000,2794.6144285714277
gfx936,int4_w4a8,torch.float16,4096,128,7168,256,8,0,0,asm,12000+22000,3567.93942857143
gfx936,int4_w4a8,torch.float16,5120,128,7168,256,8,0,0,asm,12000+22000,4365.652857142859
gfx936,int4_w4a8,torch.float16,6144,128,7168,256,8,0,0,asm,12000+22000,5152.532285714286
gfx936,int4_w4a8,torch.float16,8192,128,7168,256,8,0,0,asm,13000+23000,6526.58800000001
gfx936,int4_w4a8,torch.float16,10240,128,7168,256,8,0,0,asm,13000+23000,8007.180714285722
gfx936,int4_w4a8,torch.float16,12288,128,7168,256,8,0,0,asm,13000+23000,9478.585142857133
gfx936,int4_w4a8,torch.float16,16384,128,7168,256,8,0,0,asm,13000+23000,12350.97114285713
gfx936,int4_w4a8,torch.float16,24576,128,7168,256,8,0,0,asm,13000+23000,17921.823142857134
gfx936,int4_w4a8,torch.float16,32768,128,7168,256,8,0,0,asm,13000+23000,23625.54328571425
