quant_type,indtype,token,inter_dim,model_dim,expert,topk,q_size_n,q_size_k
no_quant,torch.bfloat16,1,256,2048,256,8,0,0
no_quant,torch.bfloat16,2,256,2048,256,8,0,0
no_quant,torch.bfloat16,4,256,2048,256,8,0,0
no_quant,torch.bfloat16,6,256,2048,256,8,0,0
no_quant,torch.bfloat16,8,256,2048,256,8,0,0
no_quant,torch.bfloat16,10,256,2048,256,8,0,0
no_quant,torch.bfloat16,12,256,2048,256,8,0,0
no_quant,torch.bfloat16,16,256,2048,256,8,0,0
no_quant,torch.bfloat16,20,256,2048,256,8,0,0
no_quant,torch.bfloat16,24,256,2048,256,8,0,0
no_quant,torch.bfloat16,28,256,2048,256,8,0,0
no_quant,torch.bfloat16,32,256,2048,256,8,0,0
no_quant,torch.bfloat16,36,256,2048,256,8,0,0
no_quant,torch.bfloat16,40,256,2048,256,8,0,0
no_quant,torch.bfloat16,48,256,2048,256,8,0,0
no_quant,torch.bfloat16,56,256,2048,256,8,0,0
no_quant,torch.bfloat16,72,256,2048,256,8,0,0
no_quant,torch.bfloat16,80,256,2048,256,8,0,0
no_quant,torch.bfloat16,96,256,2048,256,8,0,0
no_quant,torch.bfloat16,112,256,2048,256,8,0,0
no_quant,torch.bfloat16,128,256,2048,256,8,0,0
no_quant,torch.bfloat16,192,256,2048,256,8,0,0
no_quant,torch.bfloat16,224,256,2048,256,8,0,0
no_quant,torch.bfloat16,256,256,2048,256,8,0,0
no_quant,torch.bfloat16,384,256,2048,256,8,0,0
no_quant,torch.bfloat16,448,256,2048,256,8,0,0
no_quant,torch.bfloat16,512,256,2048,256,8,0,0
no_quant,torch.bfloat16,640,256,2048,256,8,0,0
no_quant,torch.bfloat16,768,256,2048,256,8,0,0
no_quant,torch.bfloat16,896,256,2048,256,8,0,0
no_quant,torch.bfloat16,1024,256,2048,256,8,0,0
no_quant,torch.bfloat16,1280,256,2048,256,8,0,0
no_quant,torch.bfloat16,1536,256,2048,256,8,0,0
no_quant,torch.bfloat16,1792,256,2048,256,8,0,0
no_quant,torch.bfloat16,1920,256,2048,256,8,0,0
no_quant,torch.bfloat16,2048,256,2048,256,8,0,0
no_quant,torch.bfloat16,4096,256,2048,256,8,0,0
no_quant,torch.bfloat16,8192,256,2048,256,8,0,0
no_quant,torch.bfloat16,16384,256,2048,256,8,0,0
,,,,,,,,